,name
0,2oz Kraft Bag
1,Spring Green Tea
2,"Tulsi (Rama, Vishna, Krishna)"
3,Press N Seal Tea Bag
4,Buddha's Berry - Front
5,Proprietary Hemp Blend (1LB) 
6,Chamomile
7,Spearmint
8,Orange Peel
9,Lemongrass
10,Rose Petals
11,Linden Leaf
12,Blackberry Leaf
13,Hawthorne Berry
14,Peppermint
15,Chai Mix
16,Vanilla Black Tea
17,Anise Seed
18,Hibiscus
19,Lemon Peel
20,Cranberry Powder
21,Stevia
22,Kava Kava Root
23,Cassia Cinnamon Chips
24,Oolong
25,Dried Passionfruit Powder
26,Red Rooibos
27,Licorice Root
28,Marshmallow Root
29,Astragalus
30,Dandelion
31,Cardamom
32,Clove
33,Lemon Balm
34,Rose Hips
35,Lavender
36,Horney Goat Weed
37,Ginger Root
38,Copaiba Balsam
39,Marjoram
40,Sweet Basil
41,Frankincense
42,Arnica
43,Ylang Ylang
44,Patchouli
45,Cedarwood
46,Bergamot
47,Tangerine
48,Ginger
49,Clary Sage
50,White Fir
51,Blue Tansy
52,Jasmine
53,Juniper
54,0 Size Capsules
55,Turmeric
56,Black Pepper
57,Wheatgrass
58,Spirulina
59,Chlorella
60,Valerian Root Powder
61,Skullcap
62,Chamomile Flower Powder
63,Melatonin
64,Ginger Powder
65,Licorice Powder
66,Fennel Powder
67,1oz Bags (Drink Mixes)
68,Essential Oil Rollers (10ml)
69,1oz Packer Bottle
70,4oz Packer Bottle
71,1oz Packer Bottle Cap
72,4oz Packer Bottle Cap
73,Lip Balm Tube
74,Promo Stick
75,Golden Dream - Front
76,Golden Dream - Back
77,Mellow Mint - Front
78,Mellow Mint - Back
79,Chai Awakening - Front
80,Chai Awakening - Back
81,Highbiscus - Front
82,Highbiscus - Back
83,Mystic Kava - Front
84,Mystic Kava - Back
85,Oolong Passion - Front
86,Oolong Passion - Back
87,Cosmic Cleanse - Front
88,Cosmic Cleanse - Back 
89,Apothecary Team Shirt - S
90,Root Bioscience 500MG Oil
91,Dragon's Lair Sticker
92,CBD Isolate
93,Local Organic Hemp
94,Dehydrated Coconut Milk Powder
95,Vanilla Bean Powder
96,Cardamom Powder
97,Cinnamon Powder
98,Mycology Mushroom Powder
99,Dutch Cocoa
100,Cane Sugar
101,Vanilla Extract
102,Coconut Sugar
103,Matcha Powder
104,Mullein
105,Wild Dagga
106,Lotus Leaf
107,Wild Lettuce
108,Mugwort
109,Calea 
110,2oz Rosin Honey Jars
111,4oz Rosin Honey Jars
112,Smokeable Tins
113,1oz Packer Bottle Wrap
114,4oz Packer Bottle Wrap
115,Sensualitea - Front
116,Sensualitea - Back
117,Buddha's Berry - Back
118,Golden Milk- Front
119,Golden MIlk- Back
120,Chocadelic Trip-Front
121,Chocadelic Trip - Back
122,Mighty Matcha - Front
123,Mighty Matcha - Back-001
124,Digest - 1ozSticker
125,Digest - 4ozSticker
126,Immunity - 1ozSticker
127,Immunity - 4ozSticker
128,Sleep Aid - 1ozSticker
129,Sleep Aid - 4ozSticker
130,Super Greens - 1ozSticker
131,Super Greens - 4ozSticker
132,Rosin Honey - 2ozSticker
133,Rosin Honey - 4ozSticker
134,Center Stickers - Front
135,Center Stickers - Back
136,Peace Stickers - Front
137,Peace Stickers - Back
138,Relax Stickers - Front
139,Relax Stickers - Back
140,Sacred Stickers - Front
141,Sacred Stickers - Back
142,Focus Stickers
143,Insight Stickers
144,Love Stickers
145,Pain Away Stickers
146,Restful Stickers
147,Unwind Stickers
148,Jojoba Oil
149,Sweet Almond Oil
150,Sandalwood Oil
151,Cinnamon Oil
152,Lavender Oil
153,Vanilla Oil
154,Chamomile Blue Oil
155,Himalayan Salt
156,Chocodelic Trip Sticker - Front
157,Chocodelic Trip Sticker - Back
158,Rosin Honey
159,Beeswax
160,Shea Butter
161,Coconut Oil
162,Vitamin E Oil
163,Buzz Balm Stickers
164,Shatavari Root Powder
165,Ginkgo Leaf Powder
166,Ashwagandha Root Powder
167,Rhodiala Powder
168,Dandelion Powder
169,Activated Charcoal
170,Chaga Powder 
171,Charcoal Cleanse Sticker 1oz
172,Charcoal Cleanse Sticker 4oz
173,Mental Clarity Sticker 1oz
174,Mental Clarity Sticker 4oz
175,Gingko Leaf Powder
176,Polygala Powder
177,Jujube Powder
178,Blue Pea Flower Powder
179,CGCN Spice Mix
180,Blue Milk-Front
181,Blue Milk-Back
182,Dragon's Lair Unit
183,Dragon's Lair Unit
184,Dragon's Lair Sticker
185,Honey Pouch Card - Lavender
186,Honey Pouch Card - Orange Turmeric
187,Honey Pouch Card - Classic
188,Gold Metal Threaded Caps - 53-400 (2oz Rosin)
189,Gold Metal Threaded Caps - 58-400 (4oz Rosin)
190,CBD Lavender Honey
191,Highbiscus Flower
192,Honey Seal
193,Warehouse supplies
194,Pumpkin Powder
195,Buddha's Berry Single- Back
196,Buddha's Berry Single- Front
197,Buddha's Berry 20 Pack Sticker
198,20 Pack Tin
199,Chai Awakening Single- Back
200,Chai Awakening Single- Front
201,Chai Awakening 20 Pack Sticker
202,Cosmic Cleanse Single- Back
203,Cosmic Cleanse Single- Front
204,Cosmic Cleanse 20 Pack Sticker
205,Golden Dream Single- Front
206,Golden Dream Single- Back
207,Golden Dream 20 Pack Sticker
208,Highbiscus Single- Front
209,Highbiscus Single- Back
210,Highbiscus 20 Pack Sticker
211,Mellow Mint Single- Front
212,Mellow Mint Single- Back
213,Mellow Mint 20 Pack Sticker
214,Mystic Kava Single- Front
215,Mystic Kava Single-Back
216,Mystic Kava 20 Pack Sticker
217,Oolong Passion Single-Front
218,Oolong Passion Single- Back
219,Oolong Passion 20 Pack Sticker
220,Oolong Passion 20 Pack Sticker
221,Sensualitea SIngle- Front
222,Sensualitea Single- Back
223,Sensualitea 20 Pack Sticker
224,Wild Chaga Stickers 1oz
225,Wild Chaga Sticker 4oz
226,1oz Kraft Flat Pouch
227,Pumpkin Spice Chai- Front
228,Pumpkin Spice Chai- Back
229,Davidson's Chai
230,Pumpkin Spice Powder
231,Vitality 1oz Sticker
232,Vitality 4oz Sticker
233,Kush Hemp
234,CBG Hemp
235,WIldflower Honey Packet
236,Lemon Ginger Honey Packet
237,Hibiscus Goji Honey Packet
238,Pea Protein Powder
239,Hemp Protein Powder
240,Grapefruit Powder
241,Biodegradable Flat Pouch
242,Honey Pouch Sticker
243,Pineapple Powder
244,Genmaicha Tea
245,Garlic Powder
246,Holy Basil Powder
247,Gotu Kola Powder
248,Green Power Powder
249,Hemp Kief Powder
250,Toasted Coconut Chips
251,4 oz S/S Jar
252,58-400 Gold Threaded Cap
253,Elder Flower
254,Birch Bark Powder
255,Butcher's Broom Powder
256,Pumpkin Spice Chai
257,Black Tea
258,Pre-roll Raw Cones
259,Pre-Roll Canister
260,2 lb Kraft Bag
261,Lemon Peel Powder
262,Orange Peel Powder
263,Grapefruit Peel Powder
264,Elderberry Powder
265,Peppermint Flavor Powder
266,Assam Black Tea
267,Dunsandle Nilgiri Black
268,Keemun Congou Black
269,Ceylon Black Tea
270,Ghiradelli's Sweet Ground Chocolate
271,Peppermint Leaf Powder
